{"ConvLSTM": [5.54218864440918, 1.7244503498077393], "DLSTM": [2.4312689304351807, 1.1313706636428833], "LSTM": [1.6054333448410034, 0.9048182368278503]}