{"ConvLSTM": [54.592628479003906, 5.031696319580078], "DLSTM": [56.785037994384766, 5.12485933303833], "LSTM": [56.15540313720703, 5.089001655578613]}