{"ConvLSTM": [1.38295316696167, 0.8330450654029846], "DLSTM": [2.5732150077819824, 1.1410315036773682], "LSTM": [1.6533746719360352, 0.8903385400772095]}